8796275278890;8796281865258;8797012394603;assignedCockpitItemTemplates,comments,originalSlot;;true
8796275278890;8796281865258;8797012394603;assignedCockpitItemTemplates,comments,originalSlot,uid;;true
8796275278890;8796281865258;8797012394603;assignedCockpitItemTemplates,comments,originalSlot,uid;;true
8796197094460;8796198962236;8797105357419;actions,allDocuments,children,parents,restrictions,simpleCMSComponents,slots,assignedCockpitItemTemplates,comments,defaultCmsComponent;;true
8796197094460;8796198962236;8797105357419;actions,allDocuments,children,parents,restrictions,simpleCMSComponents,slots,assignedCockpitItemTemplates,comments,defaultCmsComponent,uid;;true
8796275180586;8796281701418;8797012263531;cmsComponents,assignedCockpitItemTemplates,comments,originalSlot;;true
8796275180586;8796281701418;8797012263531;cmsComponents,assignedCockpitItemTemplates,comments,originalSlot,uid;;true
8796275180586;8796281701418;8797012263531;allDocuments,cmsComponents,assignedCockpitItemTemplates,comments,originalSlot,uid;;true
8796275278890;8796281865258;8797012394603;cmsComponents,assignedCockpitItemTemplates,comments,originalSlot;;true
8796275278890;8796281865258;8797012394603;cmsComponents,assignedCockpitItemTemplates,comments,originalSlot,uid;;true
8796197061692;8796199027772;8797105455723;actions,allDocuments,children,parents,restrictions,simpleCMSComponents,slots,assignedCockpitItemTemplates,comments,defaultCmsComponent;;true
8796197028924;8796198929468;8797105291883;actions,allDocuments,children,parents,restrictions,simpleCMSComponents,slots,assignedCockpitItemTemplates,comments,defaultCmsComponent;;true
8796197061692;8796199027772;8797105455723;actions,allDocuments,children,parents,restrictions,simpleCMSComponents,slots,assignedCockpitItemTemplates,comments,defaultCmsComponent,uid;;true
8796275278890;8796281865258;8797012394603;allDocuments,cmsComponents,assignedCockpitItemTemplates,comments,originalSlot;;true
