8796277343274;8796288025642;8797060727403;cmsComponents,assignedCockpitItemTemplates,comments,originalSlot;;true
8796197913660;8796200174652;8797111026283;actions,allDocuments,children,parents,restrictions,simpleCMSComponents,slots,assignedCockpitItemTemplates,comments,defaultCmsComponent;;true
8796277310506;8796287992874;8797060760171;allDocuments,cmsComponents,assignedCockpitItemTemplates,comments,originalSlot;;true
8796197913660;8796200174652;8797111026283;actions,allDocuments,children,parents,restrictions,simpleCMSComponents,slots,assignedCockpitItemTemplates,comments,defaultCmsComponent,uid;;true
8796197880892;8796200141884;8797110731371;actions,allDocuments,children,parents,restrictions,simpleCMSComponents,slots,assignedCockpitItemTemplates,comments,defaultCmsComponent;;true
8796197782588;8796200076348;8797110469227;actions,allDocuments,children,parents,restrictions,simpleCMSComponents,slots,assignedCockpitItemTemplates,comments,defaultCmsComponent;;true
8796197913660;8796200174652;8797111026283;actions,allDocuments,children,parents,restrictions,simpleCMSComponents,slots,assignedCockpitItemTemplates,comments,defaultCmsComponent,uid;;true
8796197848124;8796200109116;8797110534763;actions,allDocuments,children,parents,restrictions,simpleCMSComponents,slots,assignedCockpitItemTemplates,comments,defaultCmsComponent;;true
8796197880892;8796200141884;8797110731371;actions,allDocuments,children,parents,restrictions,simpleCMSComponents,slots,assignedCockpitItemTemplates,comments,defaultCmsComponent,uid;;true
8796197880892;8796200141884;8797110731371;actions,allDocuments,children,parents,restrictions,simpleCMSComponents,slots,assignedCockpitItemTemplates,comments,defaultCmsComponent,uid;;true
