8796103771200;8796120155200;8797073310315;children,entries,links,pages,assignedCockpitItemTemplates,comments,parent;;true
8796103771200;8796120155200;8797073310315;allDocuments,children,entries,links,pages,assignedCockpitItemTemplates,comments,parent,uid;;true
8796103377984;8796119991360;8797073212011;allDocuments,children,entries,links,pages,assignedCockpitItemTemplates,comments,parent;;true
8796103377984;8796119991360;8797073212011;children,entries,links,pages,assignedCockpitItemTemplates,comments,parent,uid;;true
8796103246912;8796119237696;8797073375851;allDocuments,children,entries,links,pages,assignedCockpitItemTemplates,comments,parent;;true
8796103246912;8796119237696;8797073375851;allDocuments,children,entries,links,pages,assignedCockpitItemTemplates,comments,parent;;true
8796103246912;8796119237696;8797073375851;children,entries,links,pages,assignedCockpitItemTemplates,comments,parent;;true
8796103214144;8796120253504;8797073736299;allDocuments,children,entries,links,pages,assignedCockpitItemTemplates,comments,parent;;true
8796103214144;8796120253504;8797073736299;children,entries,links,pages,assignedCockpitItemTemplates,comments,parent;;true
8796103181376;8796120286272;8797073900139;allDocuments,children,entries,links,pages,assignedCockpitItemTemplates,comments,parent;;true
